Label,# Samples,Average,Min,Max,Std. Dev.,Error %,Throughput,Received KB/sec,Sent KB/sec,Avg. Bytes
ActixWebAPI_Rust,3449329,0,0,125,1.13,0.00%,3288.45452,12745.94,430.33,3969
LiteAPI_CSharp_Rust,3449368,1,0,128,3.56,0.00%,3288.3663,12705.34,430.31,3956.5
Asp.NetCoreControllerAPI_CSharp,3449364,2,0,125,3.65,0.00%,3288.4628,12906.5,430.33,4019
Asp.NetCoreMinimalAPI_CSharp,3449353,2,0,126,3.81,0.00%,3288.46799,12906.6,430.33,4019
FiberAPI_Go,3449341,2,0,127,4.15,0.00%,3288.45969,12746.02,430.32,3969
LiteAPI_CSharp,3449434,9,0,128,11.12,0.00%,3288.41668,12805,430.31,3987.4
TOTAL,24145516,12,0,1190,26.43,0.00%,23018.41911,89723.64,3012.14,3991.5
FastifyAPI_Nodejs,3449327,70,0,1190,27.91,0.01%,3288.44007,12910.78,430.3,4020.3
